{"model1": [25.7094221083481, 30.51073059919554, 21.249479844295667, 0.38942876975215385, 18.317476844168503, 38.10198461792827, 22.53871484675034, 0.5556847506451419, 30.018339729073723, 23.16854846559228, 19.4355220182453, 41.39381554870451, 37.580791520300174, 33.36302878144536, 11.238536308554064, 26.069520512397805, 23.560670517815293, 0.07782974972967235, 4.927591645557521, 10.419920060561113, 2.53257565033334, 24.309790206483726, 21.164267257290515, 36.446476454460544, 1.3196183117507585, 7.268888129185353, 29.006329795892167], "model2": [26.916614898062914, 36.374732946511415, 21.039225873997477, 0.5237147449832276, 23.872366518001993, 1.0982231956558366, 41.47385767691312, 25.221300959960914, 21.104655686212066, 29.317213190795037, 20.933898223152195, 41.798929223885374, 32.652648453476964, 25.414418166330936, 16.520994636072054, 4.631652227298765, 15.096046644665693, 23.806300167922423, 31.995105521703763, 36.00162024144491, 25.252315173699476, 24.572439314454055, 6.108502121601508, 39.36670266639346, 10.803827771714543], "model3": [35.40598633741399, 24.761187992892488, 0.46339757119879454, 25.160037339993448, 1.024464064526182, 23.85698199118436, 21.101390459716583, 23.062367932381377, 41.136727994503396, 0.5323261951777509, 36.35689569945625, 26.90477717375218, 17.916294192100555, 5.306390129934009, 15.250504404052059, 23.44821012437082, 25.781209514432295, 40.596314802758016, 10.16064454062402], "model4": [26.514787779509447, 13.647409672381006, 21.53215900326187, 11.186246613234177, 34.77625626461352, 31.431500188630185, 20.230841125959518, 42.75145871011563, 23.839698759926808, 15.544255268167356, 22.23886146678916, 24.833814762136665, 22.2024012177725, 26.816808015679666, 23.437882103599847, 13.788498426936671, 9.121828999443485, 16.1336159288337, 29.75410805882476, 17.019533607907068, 13.40654319391795, 19.848575781358203, 13.565579120506149, 38.27034770969121, 10.379804154638592, 18.99927897614613, 29.14405122939164, 32.04666205884991, 14.087927068245717, 22.016969535008016, 21.312665879711286, 25.659834030782324, 18.466046948926362, 26.91810069293513, 6.918874519502085, 23.926526463670324, 18.3577730177465, 32.09339403088801, 18.734463444196763, 13.229901651789042, 12.642997735715026, 13.488447284861541, 31.467295787896273, 18.68938784934834, 18.049849998295436, 2.8083005675327235, 35.696848728584044, 4.345104048889429, 10.684826191528899, 9.782464471524843, 16.450260249794834, 17.423917944093777, 31.505645557191947, 15.546233330389473, 35.994270795561675, 31.61894874720799, 17.81164304455724, 30.340820912819584, 14.231859028992657, 5.072795160496686, 19.327860794570835, 25.503003638209666, 22.535027665612812, 7.383058894568746, 29.389839150571497, 28.034768985862463, 4.816424745789024, 7.125331731009965, 5.816249819848946, 29.96246571387325, 25.286410436819633, 33.98786621778686, 15.08232818857358, 8.599508141744607, 44.77085191092802, 11.220661636097637, 10.492189261173406, 9.08109203355215, 17.163722879833372, 23.74056014913425, 3.23794305636258, 21.95005787852771, 18.258682199458647, 15.636783717864333, 27.972819540621202, 36.1997786356201, 28.15987930166075, 31.065833080535644, 23.98348439736145, 10.06044721293247, 25.094173908489147, 16.02429358055578, 4.99195623973852, 13.322259847492765, 18.79915448309029, 12.153885640091392, 19.58152585831546, 25.5956937157382, 20.04129337653611, 27.35620669504967, 28.66240582022141, 39.261664165788304, 31.775526239609608, 5.513573815509182, 13.3844193194847, 29.623057986730327, 35.285778439159266, 37.286794854992415, 13.40952653129604, 31.45650253249074, 36.201327438714586, 25.34123697819081, 8.422452016793162, 13.842928685119766, 12.541107245746588, 11.603203011695005, 12.485417865642159, 34.43182000032006, 20.080798573072677, 29.74971757334358, 22.310982794534013, 12.928860574689761, 31.605306051545135, 12.03600328021104, 23.878581929061554, 15.214183863429318, 28.073370943786024, 17.782227708205152, 31.14946792022118, 27.228031233681328, 18.788004770084132, 31.004955199565572, 21.20627349235957, 8.569382786767864, 9.506890789669606, 27.98417224739349, 10.986770680329922, 4.449807345143617, 9.726230368695337, 28.60495919606574, 37.53205897161239, 35.41775671211515, 31.035952157187808, 22.734266658363246], "model5": [2.837901008966855, 1.1115615884961672, 1.8724887854426906, 1.3606505018271515, 0.7643979477152204, 1.5328222899233845, 0.9727950264951721, 3.401949378503398, 3.6514939960904775, 1.8830064272109026, 2.0935690286852724, 2.5242394230571295, 10.455316763711895, 20.689224201208553, 0.14312394423792332, 0.3830718075301173, 5.658790272281836, 1.4257579788125836, 3.0364748680715525, 0.1772997863154257, 13.369364390702584, 7.90832145474459, 0.1458256176921856, 3.917663743895799, 1.388344419761844, 0.8087880938736495, 9.204445782659352, 6.147942856807333, 1.5615588980288941, 3.28251705554088, 0.11781668507238495, 0.29687033941706487, 3.959730807686595, 14.365087362603706, 7.570802437229429, 0.9612920434516555, 2.2907310288876657, 2.1555560029798455, 9.753812824515991, 14.775647134038621, 2.524102781386885, 19.954046773933438, 8.20037266931889, 8.400791509264256, 1.3580695202783208, 5.745101830539361, 0.1778062151651073, 1.0539138802474581, 0.11185995974243167, 0.5692704295583254, 1.346137181146148, 13.203190101516862, 4.368488912352583, 1.729362554649164, 6.2324954157107495, 4.539107715644927, 0.8646951021967341, 1.240114220752192, 10.028081415540973, 0.2666215593183977, 1.1613913716573336, 9.071465867936087, 0.15549272108874265, 1.0528358846683916, 6.245460966180922, 11.010633448256067, 2.7076353672927467, 3.777948823143065, 0.9399119876506233, 4.188932774362828, 14.498031051160762, 3.1015129148526426, 17.432251081149403, 1.4193419337054984, 4.747997567319263, 0.7349279335470426, 6.019651256121629, 6.272724268806949, 8.344837774100608, 2.0659553015290064, 5.882913911171264, 16.266887509728402, 3.5691908643805164, 7.455210575522362, 0.28664077085374323, 1.3115807545305884, 0.08998797118194546, 5.448719875444091, 1.563778312802412, 0.9116725795783156, 7.571802746344909, 4.472030865362188, 7.15607045568195, 6.633129301911533, 1.990080760771813, 1.5199501144577818, 1.7535434561230892]}