{"model1": [17.547806224214597, 47.11057689554704, 80.29231584378958, 160.4588864288585, 69.47421806088697, 57.59333658334199, 32.59554938747182, 131.75294828384023, 65.18951310274588, 68.71947776444014, 55.312021275146876, 43.964506600413124, 89.84446166388037, 63.28255997842278, 71.80769640174533, 41.5403694059665, 55.758662120766196, 146.3453338061626, 56.52189532306441, 68.97273537035164, 132.12296060051338, 32.53526835449217, 79.97139076379288, 29.661063520483797, 121.75031972576562, 52.33199199262892, 63.18964175110655], "model2": [30.301644170750375, 40.51606645524619, 89.46605956324836, 156.38867450499927, 57.45924946749343, 165.08479878440457, 53.68307078096966, 47.943230110161274, 80.2271527244019, 56.78590772494899, 70.88198272147133, 37.8081678320263, 96.79632680669846, 40.27259370043476, 57.1121908020315, 56.12364783123376, 73.51185372337453, 40.301817851143575, 64.66405606780708, 52.79724889596922, 90.82990067727903, 71.71250453447956, 127.39181095054289, 26.959726398339846, 67.08303665100854], "model3": [41.92987288019149, 79.26066794002821, 158.06448605938706, 56.51084308008314, 163.9667878510817, 95.58415994857212, 76.92217080301566, 62.693528944516515, 35.48034735418084, 123.90913534169283, 91.61757151181114, 41.264805663114345, 49.97292704327808, 58.906750645906506, 65.38267770525343, 36.865544329456526, 84.6542740264206, 22.487362185973055, 62.6500469119895], "model4": [19.334153489288305, 76.73577386961256, 68.47406737015604, 15.418445474359551, 8.240703380215844, 19.05153658407778, 67.64224737377387, 49.65563994795763, 60.7337441923215, 9.438371795086164, 32.5227683512171, 38.60707362482615, 68.36884626648578, 57.97583148916861, 74.6897303818451, 38.71377647240306, 22.66386621462669, 45.342420197753576, 9.543810859438283, 17.651825652509995, 55.203775296212164, 42.64843984617803, 11.158067084287197, 41.966236566808035, 63.470973092221236, 55.03620023740417, 19.562216284834815, 14.279676634766693, 62.4374771448104, 19.508680635097793, 37.46990831086445, 3.2194939553879744, 38.003355452026156, 3.1948376106810787, 80.94705275579227, 19.071477129494987, 37.79408306466478, 24.462384675543206, 38.0231569999286, 24.61779428179888, 29.8933707570443, 86.11956811312655, 40.99915843497159, 114.65497443502252, 13.430694428017569, 123.80758923502273, 63.439235509730565, 33.90392442110161, 46.946939104784036, 59.4500035606241, 33.84475753408612, 22.4047016208846, 19.04513575977094, 21.913271333448833, 23.708174186834867, 41.16389411104063, 39.553609487206195, 4.070562740189028, 83.40743766088498, 9.18067634723069, 28.851478582859, 63.32310837947131, 35.338258072903926, 36.37533692130882, 22.87923319918884, 80.769130979488, 87.22032881147067, 44.2307431872434, 48.04512377648821, 15.686820163004922, 23.296935503000054, 27.52287588117169, 52.520502329353754, 20.817025201134964, 29.243034325994522, 30.857599557218965, 45.57928528385434, 36.694634865484595, 33.73372549285152, 69.25001816418626, 85.28728073949253, 44.56812864098874, 41.86727369591548, 88.57273302665786, 18.541078389808472, 94.09474757511501, 29.560937231332872, 36.141396711617226, 23.813394720126848, 18.524556024035817, 27.626100405577642, 54.84437241226723, 78.1233069778677, 42.80846677331659, 23.286914738115378, 47.430642208314076, 20.965491792531996, 36.87361956443834, 51.218696155983636, 6.65633069301682, 42.263871579238895, 62.58913823748018, 54.59184600332956, 9.958167436149795, 49.75959630030986, 48.73693324958761, 29.474763321244065, 13.09731402124214, 11.895414259784614, 23.25460728219948, 21.993330363824676, 37.20358779573191, 67.69998473863005, 46.647261871354814, 31.23366208779143, 59.28772173081334, 53.28997198329604, 28.962165100452484, 83.10717712080321, 67.56569922133795, 86.56383966276458, 49.79427270825219, 25.735050806310127, 55.88181050734213, 81.69642516770557, 24.00816750596424, 27.865943571802983, 34.08340334677788, 12.019874933689229, 35.02900885698418, 77.10030052775733, 31.40852874031176, 46.478687422050506, 48.565656386416684, 10.590484273681353, 34.224134259124554, 23.366150027130775, 81.50556438191329, 67.4605534455486, 24.177148442024038, 40.681912774142965, 60.339033215214634, 41.00539252561, 38.906561149894195], "model5": [111.9314044547877, 68.61905956555047, 114.11089044739046, 62.24610939727976, 112.176768743986, 126.75213997050605, 167.68857436556598, 61.4381209416127, 110.38393743232668, 131.4542036464982, 158.27977100411255, 130.24178764358476, 69.17069856296601, 85.5610875922273, 186.2360324934905, 59.859064866686374, 94.63015306701658, 149.0652641289385, 126.91656508502406, 157.29603563480558, 104.2721719235265, 128.5689614338728, 160.66695077699967, 125.61424584338623, 118.02578313198123, 111.64904826736068, 103.89039957627716, 76.86042526806027, 103.98289781205489, 122.62016140840599, 107.84442346742816, 132.78254196781657, 102.70423048571236, 95.58441202911067, 56.541968718785796, 114.38334172575475, 67.90617642833048, 106.65204611577117, 83.26913922850409, 78.55835983436629, 109.67656966802124, 47.84146173229931, 110.27711297998876, 130.6019383544589, 121.46851876636475, 136.45678188300906, 141.50556678992075, 118.17027016362563, 136.17922693570327, 138.57090708499, 69.95826406883292, 110.0405829045347, 99.50625690024296, 118.5272336772627, 128.60956985110343, 107.2777667597905, 125.02098468811903, 71.16777689631475, 108.95616099084259, 130.0906273724332, 153.08723717739585, 113.03122761037187, 127.10486608854384, 115.63730261393866, 134.5451537231668, 110.69572816964575, 120.8205278435357, 102.46095928567011, 123.36473354500346, 97.70917553471425, 38.3951342780374, 120.66534077960483, 70.67605697892752, 90.91264283285737, 171.06261144675858, 80.978030160927, 95.32442444408088, 111.1821024577955, 127.23527086038662, 127.50457977446098, 114.7177727733025, 80.5916548022018, 118.24675458033533, 110.13415711115877, 85.47838976567093, 100.46974375569249, 84.75018221049483, 115.54669490373472, 114.1669739685175, 116.9970363322691, 102.50110098432602, 136.00605659092918, 114.43090771302032, 122.41614751742908, 149.7448987251038, 168.51293822670416, 92.73361102265478]}