{"model1": [3.487779733675702, 3.9962582403269806, 2.6216987413485096, 3.356699183139426, 3.3315784747746737, 3.545982254379314, 3.8825001154968715, 3.2264745689123773, 3.315359984027743, 3.273566403705568, 3.6247217950714115, 3.5928423268582166, 3.9876165312733063, 3.196282956667206, 3.8247498448894546, 3.9148871984170692, 3.8936039936501636, 3.552170786053035, 2.9170853295025974, 3.524723383614469, 2.9407342167291874, 3.4894896187956133, 3.1690229276226547, 3.581767526130713, 2.9743082424761993, 3.040440215880408, 2.8610220394372274], "model2": [3.2657903009690994, 3.736852697357668, 3.0141375440598965, 3.069150912792914, 3.787439323207192, 2.6384501987962947, 3.3473116505985994, 3.693346215172596, 3.2575154423063624, 3.5849542459632446, 3.3709834331471122, 3.437413485837181, 3.5904091015708612, 3.8544836131613676, 3.46970162273893, 2.6415192040552147, 3.65589523469919, 3.6163592774051265, 3.5944865561031665, 3.587892422080711, 3.086717172520948, 3.0095935925128314, 2.9658073177984687, 3.514990069672178, 2.91774104734116], "model3": [3.865001972097011, 2.9864288805582664, 3.0638983695245936, 3.918441403613818, 2.635497212203306, 3.4899163266828106, 3.2269073482127686, 3.491658700454489, 3.504909748399087, 3.0166953485304893, 3.552969260053484, 3.871460514041271, 3.3954873862433375, 2.6108922673759376, 3.5311297861313564, 3.6582222257212127, 3.0611204701611996, 3.515500222003621, 2.9440896604207785], "model4": [2.502681300613426, 2.533268838572963, 4.163363524179748, 3.0983058884317094, 2.8438241716890484, 3.5405733529117724, 3.52987832603194, 2.400181215682039, 2.467562087535838, 2.5859179159004766, 3.785867356683712, 3.2889774864205767, 4.36583260141068, 4.416426770677419, 2.179640607991242, 3.6612698416917233, 2.347563387274504, 2.655664357915785, 3.128885156311065, 2.1279439286315203, 2.88061907919521, 2.3616808758063, 2.6846515100818604, 3.090463165133335, 3.413739202862017, 3.096312830339115, 2.3362957287113937, 2.471934889957401, 3.3395908677173796, 3.560042886307815, 3.8607848448941353, 3.609818911927814, 3.670412065021128, 3.215004542543937, 2.7234669133701406, 2.245301673903482, 3.7763246618969855, 4.597114866183124, 2.4528386637805673, 3.939804605907284, 2.787578231527372, 3.0978776472287275, 3.3886248372681513, 3.205469797236279, 4.184020228274208, 3.0511388878640933, 2.624819067537298, 3.3009988759509588, 2.6925735304584326, 3.4202872706790703, 2.8865936260159395, 3.1565093095861116, 3.10264514352981, 2.705663697941556, 2.3107534821991798, 3.4721010374120453, 3.662283917636377, 3.1387609039160793, 2.7187020901036725, 3.1888151069928177, 2.5232669110602157, 2.84381638113626, 2.8115008419096124, 3.4661034679382765, 2.4726709181319517, 2.6744139639231146, 2.660012141665842, 2.010360952245913, 3.3793971241033915, 3.097375187160776, 2.837125824490798, 3.7026811162412083, 2.7261532453989386, 3.7321512916722557, 3.143532350226913, 2.6254939909759916, 3.7624835252611484, 3.319804515856122, 2.8586990145068363, 3.6088141732102144, 3.2686916984359984, 1.9581514981267603, 2.9426672675230963, 4.331627362304882, 3.205202865642378, 3.3133510702050404, 3.153058296761957, 4.028388974922142, 2.882905934548576, 2.174146896874947, 3.580230834339319, 2.97744341945651, 3.914562413896834, 3.6409510528717424, 3.1931314347305277, 3.8029477656998183, 2.7663261653367384, 3.4280081838594123, 2.8736903601780845, 3.5274593240165513, 3.102440705393638, 2.737295911070416, 3.484233001778261, 3.34266669489367, 2.67673366465039, 3.5645872187414525, 3.894129788759816, 3.2221926674762367, 2.7990400124541073, 2.819998310728918, 3.3044659190713124, 2.9494859268808917, 2.7750228541906, 2.6892104614267143, 1.9973948390078293, 3.454794764013724, 3.5150249638887896, 3.3231483724011963, 3.4361266584313714, 3.1653570646292817, 3.160371096410703, 2.3686580787065794, 2.9983552747980013, 2.114585574716235, 2.131656735175818, 2.6676957628178837, 2.490968357827749, 3.1370866018407195, 3.137551635769884, 3.2882904705273606, 3.803248749228338, 3.043806290729665, 3.3296941202189108, 2.985563335507526, 2.73484934615015, 2.930486015313918, 2.9364830959115436, 2.544043866820651, 2.0944348050037793, 2.7292099232736216, 3.4350304561835996, 1.9638842048898972, 2.4541175631801826, 3.011876877311165, 3.485239644352278], "model5": [4.13990458779142, 4.248433264064555, 4.189264595561588, 3.7455983304619354, 4.291742766637396, 4.244822941786581, 3.998379734512615, 3.737857663167766, 3.7711673505326146, 4.07703774447678, 4.032852517484596, 4.080943108506129, 4.22954213386923, 4.37000724556542, 3.7580152948614165, 4.057860380318082, 3.8052583064254537, 4.122291138294403, 4.372818190555011, 4.014518308749396, 3.030789006407006, 3.4098264902541677, 3.524396273078559, 4.194295184373097, 4.253216055275243, 4.082958080604222, 3.89232564572798, 3.674307983138158, 4.275375328215892, 4.275977751621248, 3.570606983082034, 3.750503413996716, 4.301103039270588, 3.2503111476627824, 4.383532111787616, 4.24342560194143, 4.371820499243984, 4.295443233271847, 4.291701052150649, 3.8930754513576162, 3.9867678715198114, 3.529838610567042, 3.6533439132154, 3.889015730030815, 4.134474451167017, 3.8955619414657825, 4.10177379909202, 4.060865970177741, 4.290687265379626, 4.349023036349847, 3.6212408533805056, 4.204447829831478, 4.245706217704974, 4.318508153029329, 3.528581326882111, 4.257222861782244, 3.9929122577153926, 4.113991046949427, 4.073694403858582, 4.2556821329234085, 4.301532162488663, 4.334991654155112, 4.102122970447488, 3.7660407747526516, 3.955604445096158, 4.124907585637519, 4.053163761390493, 4.396760016496112, 4.074883624647032, 3.8068960799033573, 3.8534558143183895, 3.9460437815024103, 3.496352468292144, 3.96127570259126, 3.8924588117072894, 3.559068681643296, 4.3938016439114715, 4.079879441926962, 4.229357720895636, 3.987632837840374, 4.451776108647014, 4.001526827506386, 3.4324363104016364, 3.811234106305582, 3.7620349941030486, 3.361884348866901, 3.1668898364005513, 3.633470669829756, 3.465001428627968, 3.7203034331609817, 3.641747312076287, 3.604684563178216, 3.3144938071203716, 3.4144843510406915, 3.237552099816967, 2.9852830937665606, 3.6165469846705105]}