{"model1": [0.2573558742465113, 0.33640547663395715, 0.16240198119237348, 0.21360279239715255, 0.22412529624090852, 0.28077754666284316, 0.3193632294010899, 0.19964314532802943, 0.24023665458983182, 0.2292705906243105, 0.2691751843544035, 0.2823880076991836, 0.39404801198497086, 0.22415794597733968, 0.3036675927474006, 0.33032092586708434, 0.3258483393025862, 0.2509383350928738, 0.1647748601398871, 0.28678776509771947, 0.1691528594937634, 0.24022558437742333, 0.24382261671975045, 0.2719660252497645, 0.21954032507336543, 0.2291847439025987, 0.1948181618424863], "model2": [0.23932829028897856, 0.2856304215575833, 0.23207816050112823, 0.18458364350823886, 0.302292898003675, 0.15378567185377487, 0.24381523557091755, 0.29055223956184417, 0.2252891348240393, 0.2895479977872121, 0.23692231345271772, 0.25617152081824135, 0.300155357423126, 0.3221826022014272, 0.26319182386388806, 0.13720008117636134, 0.3072974029324512, 0.25895007851035723, 0.30062781676079336, 0.2814104200688248, 0.23720474819371687, 0.2155026948715471, 0.16594689541778704, 0.26577537408461954, 0.21024343071290202], "model3": [0.3138208112793132, 0.22480907600448563, 0.1835046380020834, 0.3352280269308761, 0.1462197177549726, 0.23518535647303304, 0.22240236313565603, 0.2556441520687871, 0.265411784360959, 0.17318613341754868, 0.29720557752219184, 0.3261282656964347, 0.2556151079724932, 0.1390885780395725, 0.2857814244552163, 0.2657869176838072, 0.23369441334439378, 0.2581043758090002, 0.2127819053701248], "model4": [0.1984726808171288, 0.20547573589340157, 0.3809605433173456, 0.2685747518285691, 0.18686991535135367, 0.2816517371964414, 0.2608945903891627, 0.18995831882589764, 0.15295676722011292, 0.15737055077013776, 0.33293837909598767, 0.24258075471455298, 0.4247067282311039, 0.42291583214109535, 0.15987886941193516, 0.2785429891542175, 0.134106909202153, 0.1939108480522149, 0.21555677262899003, 0.11908130801668806, 0.23351667705427195, 0.14387363984179183, 0.1942413949519684, 0.3112031786931943, 0.24134901952095997, 0.26309889925999874, 0.1799165479394827, 0.14307465396478458, 0.2276353446853226, 0.29278038218086877, 0.3358801270288761, 0.2747503920569911, 0.30234151674324206, 0.22704798619817923, 0.16176947129654232, 0.15122168585233942, 0.3252833756706513, 0.5244155647825441, 0.1607213100204276, 0.3397012885248647, 0.2109990176271215, 0.18798224715403097, 0.23413570757909002, 0.225313272370737, 0.3838897287813273, 0.21628433753541734, 0.2059457765646818, 0.2106028974323938, 0.20608671302650217, 0.30957790148382147, 0.18940929649128158, 0.24291952761869626, 0.20170095882151864, 0.19272282123321466, 0.19471185068453004, 0.2657510460504045, 0.2908127064671041, 0.23415321135351264, 0.1700666397214422, 0.2439931519697642, 0.154742914142537, 0.1702722216773052, 0.21327590466085547, 0.26231844859751646, 0.15991005835161257, 0.2136644787877999, 0.17316929050659388, 0.1479003811222181, 0.2559878452390325, 0.21586677051582154, 0.1799519528236803, 0.3152663765712605, 0.17097565347697505, 0.35829300012488563, 0.25844244588801857, 0.16764397489631067, 0.3539158881048948, 0.25812837106491837, 0.20846753387016378, 0.2930585459882365, 0.218909275336925, 0.13505971830437788, 0.19592497667002032, 0.4330385616789468, 0.21112786373710662, 0.2427146175280708, 0.23905874989148335, 0.3573494080833397, 0.21744765394081575, 0.12048081001505476, 0.332168306641456, 0.21880896029563046, 0.35785938843396936, 0.3117021128166219, 0.23184231728507945, 0.3469805434142899, 0.1729394252652552, 0.26439416967254686, 0.24487580059346362, 0.26421133159778987, 0.2360466438698523, 0.1574055573983137, 0.2508065077781453, 0.2713961645906554, 0.1888125197503341, 0.273720751024445, 0.30223179935394573, 0.25214748288875793, 0.19028830677656142, 0.1957020873296149, 0.25877545468545515, 0.1761774216251958, 0.16348187658289223, 0.16068575267881047, 0.12218642737101994, 0.24829352955808487, 0.2846124224118683, 0.21935830492653965, 0.26154786879013553, 0.21424359152545724, 0.216097587650654, 0.19112250686728258, 0.1937529307613464, 0.12343070515913322, 0.18215926544364008, 0.23807427453018498, 0.20978671665558893, 0.19524064044589517, 0.22800902764112838, 0.23249065876495184, 0.2923604307045825, 0.20175019103361674, 0.24708230041600274, 0.2199395656532967, 0.21979885467989665, 0.24539258703373945, 0.18096284281419425, 0.20460409787968972, 0.17599730926941157, 0.23357297318073758, 0.24007098282204956, 0.15408487942822616, 0.19462543068314758, 0.25643941212871635, 0.27378462026213574], "model5": [0.35304928463680124, 0.3774090233896202, 0.34840190753129086, 0.3180687168068358, 0.4029781205851724, 0.3925588185459731, 0.29697304722120504, 0.30130457724109677, 0.3116821224788586, 0.35449295534564496, 0.3070765107232442, 0.3391756039474214, 0.3493727198907174, 0.3993407090177085, 0.30447572066369427, 0.337653929036066, 0.3376325617848689, 0.3513694039161169, 0.4195403301187525, 0.32035408897203627, 0.22509527744457125, 0.28175212114677484, 0.22796719982836083, 0.3652064011753208, 0.3873713645778171, 0.35886663204045244, 0.31521603121733327, 0.30458635358917036, 0.38402597026504737, 0.3774690048609231, 0.29419878169026975, 0.28461036670946865, 0.4024164081365846, 0.22714452785555472, 0.4347311322705564, 0.382603414681714, 0.4327011647480574, 0.4037165417370399, 0.40731560709857406, 0.3129759467578759, 0.32251639284787603, 0.27637197241967454, 0.3007473380636625, 0.32308023127745267, 0.34864274048698896, 0.30147405074441663, 0.36721054010821286, 0.31935752286060953, 0.3876651161786245, 0.39215415711084717, 0.2599605308181683, 0.38499310461235065, 0.3684084056421331, 0.37295359755623764, 0.24584852968233403, 0.3842984953347512, 0.3296263304431893, 0.3652739827304003, 0.370090209226342, 0.3714024556073504, 0.37128947270375534, 0.3930706463719803, 0.3457235800463087, 0.3037951406435204, 0.32670911419637355, 0.3525105294428765, 0.34180358456723126, 0.41368825183967894, 0.34521017690495664, 0.2900531112567674, 0.3256512180172558, 0.3307610222555036, 0.26598206210509795, 0.3398528052234832, 0.3158823365261031, 0.2520849132909927, 0.4001538477038954, 0.36404302671495586, 0.3738978362084812, 0.33193079440224, 0.4263118723196122, 0.32523612314630224, 0.2593787559605678, 0.3242771738976826, 0.3476401955812344, 0.28637492438543694, 0.2737486543739912, 0.27555287002418005, 0.3083219793464022, 0.3357626869385919, 0.28516016203918293, 0.3150409478396373, 0.2742448099310844, 0.3016609687010444, 0.26365859005796094, 0.2311539440016091, 0.2561417789587932]}