{"model1": [5.086667907402041, 4.527463896703053, 4.496900569035955, 4.181362582761036, 4.731525297609172, 4.362106523381782, 4.769915541656781, 3.585039809850889, 4.23522280660409, 4.448782094964197, 4.59212541375885, 4.641755280214519, 4.525946277578054, 4.171834063397793, 4.728334080959391, 4.694672474563227, 4.284256501366125, 4.687613004209392, 4.34256646186309, 4.658411780519862, 4.394597090362859, 4.590910124805106, 5.129730773622903, 4.433072377128868, 4.1214962501160635, 4.920461517614823, 4.897464959073509], "model2": [4.775121618225759, 5.3374198665997685, 4.805188055634804, 4.63529779705525, 4.629240931907968, 4.694192039396819, 5.1399259436099625, 5.112916572006074, 4.794322969507708, 4.93060191111153, 5.0307579227105155, 4.86430001665744, 5.216244592193807, 4.848394944533098, 4.989691267823495, 4.388423011547265, 4.952684439384427, 4.876573566731161, 5.030447547815121, 4.6129142093383875, 5.014101939700336, 5.088950513700645, 4.658412622679257, 5.057462064164985, 5.152687973820987], "model3": [5.137765767859298, 5.0271108946076515, 4.888106624372259, 5.11220617410974, 4.225215760312403, 4.6307028261135335, 4.48381870742218, 5.094201917072116, 4.665099018395105, 4.290791546646688, 4.988160979378974, 5.147466742830796, 5.0060417116903935, 4.592128223671983, 5.05121048596933, 5.142858489606027, 5.021239784340501, 5.314041220247004, 5.159888881386312], "model4": [3.4200201943563666, 2.9005720924531713, 3.680277298647879, 3.80077251040632, 2.838171743290856, 3.380216759575774, 3.6020121902219464, 3.429985595665257, 2.8643911804717677, 3.068465258318081, 3.642775570531929, 3.552408372494865, 3.62948308237635, 3.638437011274631, 3.0690447452793874, 3.689976316756694, 3.2429665489246626, 3.2559423004790875, 3.1790436361233927, 2.8306354586034, 3.1011938236192433, 3.76034413226674, 2.7386861292774247, 3.46197305431646, 3.5342436693493466, 3.637292767752974, 3.30303119309021, 2.441598947081864, 3.0415557202294377, 3.76012553583605, 3.5409620155803077, 3.804427351962345, 3.52436784320903, 3.2506631421936603, 2.6325680624712233, 2.439146645748864, 3.7493222574219933, 3.912468083431397, 3.62298900212233, 3.4558915929471885, 3.529792468013305, 2.9040850724970677, 3.416763482815174, 3.4446260356725005, 3.7916492250445706, 3.253920039604943, 3.76976802988769, 3.455140995876197, 3.246783651994233, 3.0795433091486206, 3.492050425573423, 3.76651985813118, 3.147476305923679, 3.203561338309843, 3.1250934703608855, 3.4330480492457998, 3.450097845337107, 3.5905959302282224, 3.2161414796334635, 3.4364790302072565, 3.1309537769892373, 3.223114716495486, 3.3559608451109577, 3.711605139705748, 3.4393540064626, 3.007844333310042, 3.6776933311712825, 3.061589401086927, 3.8456299846171857, 3.9889212224816877, 3.2603353268622723, 3.3267389957737734, 2.937227460571651, 3.338347604603571, 3.5359716254296174, 2.790313624114093, 3.5637625517163825, 3.5581917048667475, 3.6595342937669684, 3.4322171750793853, 2.9596275640605145, 3.0599116747502446, 2.853804481770931, 3.7310185282585064, 3.694210047745365, 3.234975357889654, 3.797731537198558, 3.5278542065455123, 3.355397521603819, 2.8003737395293364, 3.6161975870815186, 3.2131510020206275, 3.364208388546755, 3.6939141058664675, 3.0966443597591757, 3.5402211949482103, 2.954094883484213, 3.4253659318610836, 3.588744650654406, 3.3960499993807542, 3.4615216648900367, 3.266351364783147, 3.5887212755255584, 3.331951137111607, 3.4084556206504253, 3.5738909317350602, 3.875723738757231, 3.592305712828482, 3.085644871938715, 3.508636628192642, 3.5379768868593957, 3.249059104884106, 3.078854489304577, 3.366238696021469, 2.6263400667952226, 3.633340291625874, 3.6324640120643767, 3.7717022798298157, 3.4070457377483385, 3.7355676531491526, 3.56002278273558, 3.1722781496905434, 2.7421975292286187, 2.5070139634473607, 3.336736566137925, 3.4574691185018795, 2.8797827542664285, 3.1697826753883787, 3.612589518753036, 3.2388135153622963, 3.1862130145572958, 3.555023159992673, 2.781152117594342, 2.983789048395414, 3.5360444845661614, 2.7904437158636486, 3.1178248330930316, 2.8282257200175835, 3.1780038815665272, 3.3389165391502993, 3.0914305769626518, 2.981818088543705, 3.1969661752647887, 3.589336949783237, 3.5733884869364414], "model5": [4.669505205334068, 4.732453944033125, 4.6677662796620325, 4.709860666520678, 4.451276648500906, 4.602775172673789, 4.5464484545486865, 4.773421225048191, 4.655193898001278, 4.611452808695182, 4.539784651188718, 4.369776717115682, 4.4288382191826186, 4.4267497847979875, 4.547576441718793, 4.606441482122132, 4.549906761643347, 4.607959612530507, 4.648918396854071, 4.646875151899024, 4.7283697564646765, 4.732535926508657, 4.609540424757408, 4.432812533069731, 4.615617091904644, 4.54175024331642, 4.716260099551142, 4.679312509481325, 4.6017386320579154, 4.639311586210799, 4.616334624505196, 4.526150027346531, 4.693374383436457, 4.708097276799248, 4.459540160875041, 4.737747881350345, 4.4415187991721075, 4.665649325818154, 4.498822575099586, 4.662486780837777, 4.613183586004529, 4.862943747329823, 4.652154222924986, 4.7736821978990065, 4.655201556258459, 4.599628404704218, 4.59989030248835, 4.553317617642831, 4.637628832566783, 4.507037368575262, 4.532222488898838, 4.6078349744730875, 4.577171383878694, 4.433114021988568, 4.582870615867206, 4.618024725971619, 4.376656640362561, 4.584026917156659, 4.681410566960977, 4.3949170205660115, 4.568918616966062, 4.697078616092713, 4.572917567813609, 4.597775867309401, 4.55738854546603, 4.429816960739016, 4.548419492901264, 4.616850923298418, 4.6028032629205065, 4.590004601477356, 4.6321619566637775, 4.63488385043957, 4.612273328397558, 4.681471773284427, 4.7112010650677725, 4.7377849485548955, 4.6524269766762165, 4.53249878099415, 4.573908684793657, 4.677188944958308, 4.454462653128343, 4.666265766741215, 4.581857883721869, 4.509506548384238, 4.692559706198268, 4.622214255259391, 4.780156819779593, 4.572231477265757, 4.724629644609502, 4.751325288973347, 4.73211091355631, 4.690453119910809, 4.821024185868633, 4.677362683205981, 4.65461459723615, 4.767517553864143, 4.720836286147104]}