{"model1": [31.17400951061002, 52.60039690645897, 88.37853234329637, 153.2768682506637, 76.1266225514377, 51.355556491355934, 39.22489220090519, 122.70136456834962, 70.63252002444418, 68.11551549479816, 78.7159898849926, 50.19167203467162, 100.25310420872633, 69.55864287432546, 79.02257890813897, 37.36212429479634, 62.844096018523295, 136.35802628852394, 52.51022379027716, 85.25642679179315, 126.64180508807883, 34.69893654115488, 86.40851623685347, 43.103158469298926, 105.59352916866897, 45.07216682217787, 89.00745889898876], "model2": [27.264464229395724, 37.70174150993586, 95.79496386434427, 148.79502379835685, 49.55057838276095, 164.01875472611243, 56.18365288411005, 49.63000944218738, 91.18857697474972, 63.19862459362873, 85.45683054015394, 35.459425824256016, 107.04286441670575, 31.255759776531054, 74.44440688781495, 61.35312817281538, 76.6207410286843, 31.239515552403073, 74.6684906029315, 56.05194996673011, 100.3470351467341, 72.53380294623298, 127.5389596680838, 38.286434930573485, 73.91182996805126], "model3": [43.9022586735248, 85.83716063245083, 152.5555841504357, 48.171002696587884, 157.4342249059218, 102.87909412041228, 84.26927102966125, 73.30905280774134, 28.165270164144736, 123.78906467745203, 113.8310977690478, 31.39853227939598, 70.91712225391558, 65.56355291173504, 73.01267842688462, 26.298829628557275, 97.69244061657278, 26.194009154331262, 65.68368932700112], "model4": [49.904622479000096, 37.30759221037286, 51.12817426572899, 21.642412716890423, 4.846872508577202, 17.09516137663116, 48.21471136433477, 65.26473639889105, 45.62413592503144, 24.85063264317657, 50.59651800154235, 28.33624259016673, 58.69859919004757, 48.641279376395005, 79.96085231527893, 40.52644122220932, 12.6754422502201, 31.98899638347422, 4.153921489401006, 44.345981719608844, 62.15651684176695, 19.90209895088938, 42.340648476598275, 38.89763501555388, 62.37145825077686, 71.10850188497807, 5.189982941658666, 13.760096743644592, 55.308883547629584, 34.9532428337544, 63.4355604579019, 26.71730414223135, 24.815726769077678, 16.635547623569256, 69.63169248261943, 39.65991320421754, 48.24038111297244, 18.443983111918996, 40.31721436760387, 39.93262979341757, 26.058701129068623, 71.06311180462097, 44.652484268424324, 97.13846121609362, 13.240205244075295, 101.8242717760599, 48.58209850605764, 20.058706817979324, 51.17734459319147, 60.99345990257701, 38.47717096089271, 17.72964869463731, 36.47596840936075, 34.666540986611054, 33.789163914620765, 54.337641328648765, 44.3548982172348, 22.86423722529991, 78.70341879910012, 26.083361421017056, 23.074305548915547, 69.33882555594938, 44.29905474887083, 35.98452889135772, 38.52428805747219, 90.77440235272053, 51.87949072941441, 19.49270760757073, 37.80620082070104, 17.649873796834207, 34.327295245182555, 29.187520699254293, 58.50981468063135, 25.07963708847957, 26.094271953788276, 29.801209132187235, 52.44069065179474, 17.69369117958399, 37.534574030501744, 55.43148281774106, 51.06777117185208, 21.07691789242984, 45.583944530850864, 83.82048757732841, 19.086139121907397, 87.6556859410271, 27.64974595777441, 43.92934077777313, 19.21235652916692, 51.164877547020495, 40.60250987977385, 68.47628793751556, 64.79849571719315, 15.669672794987525, 32.85351850236063, 38.422806187740356, 12.201166981989731, 39.16011023709944, 49.71460109706248, 17.11561086577087, 39.22572501213897, 64.65466269230063, 59.17967849102531, 34.33622654645619, 53.89055396362083, 50.73065079821646, 36.99411735884664, 27.35114220497061, 5.788189405030791, 35.37943818135594, 17.891943381872046, 32.55174606008754, 45.421451316950716, 28.493363646011588, 38.5576575025019, 45.3684855585448, 65.0644885920771, 34.40261437180414, 76.574018841007, 66.83818980484932, 81.74856132867136, 34.18016283054529, 8.817259355168938, 47.18260881036759, 103.88320567890628, 17.915082945098106, 28.093353097102806, 27.568962745148625, 15.057395408714143, 24.455057141888204, 64.04055159242742, 30.174679246160707, 34.63892904664815, 36.64854848496617, 29.758490386917785, 47.76384492414549, 33.429735034789346, 55.66775023208168, 51.307895674409146, 18.395497266546194, 62.78710421108894, 82.20268672060581, 64.84563313266386, 38.32945854387162], "model5": [116.10294183268303, 72.38223256260706, 117.24700738304969, 63.610966663106794, 111.02377498266816, 129.45685113325183, 167.17145483150995, 74.57607299524534, 116.41585319221855, 132.44098879784312, 148.30564336138585, 122.85268222766057, 66.89060436039499, 85.74241535074715, 180.5262943778674, 55.431227044106954, 98.78053005691929, 143.68996668917677, 126.22921420116293, 154.4209801942773, 100.60226428568417, 118.68255780341254, 149.3290489492932, 122.02852461930468, 123.14871838868224, 113.64235139037834, 105.67188659599829, 76.44319585063592, 107.60222750150272, 123.30380573305776, 112.15591265647667, 132.89102292402683, 102.52918842286302, 96.80171145060922, 61.75527203298443, 115.08443250274183, 70.92838355306075, 105.02761378575349, 84.16760795152643, 77.62917185878186, 110.90148079921582, 60.21937597980382, 113.02611418798314, 131.50448747541998, 121.84259474003188, 136.9921182445722, 142.7414662546855, 116.33563010379113, 137.3111969705252, 139.0466644108318, 77.65737842530724, 109.23095209218982, 93.44454761631887, 120.28539059557991, 128.4397187942253, 107.07833216502887, 124.92095905446843, 70.44550271980339, 108.76751720656067, 132.1549094488492, 149.74835000215725, 115.347597919933, 130.42516005388097, 116.13344057008361, 136.70031894702953, 112.18552687095648, 121.25808769830238, 102.66779685455553, 122.57804821571702, 104.06028383385231, 41.945665090566, 118.28148583936647, 69.68109148418357, 86.3114276744514, 171.29577095211354, 82.37149775316519, 97.09814326804205, 112.79699549728514, 130.06750964152866, 132.00816015116015, 116.1491146717433, 80.60047277730139, 123.42633023987365, 111.10206735847324, 88.12583877806709, 105.52522441124091, 88.80878245708296, 110.79429972126185, 117.78273859190809, 115.55481573454999, 105.23809687654897, 135.80968856555575, 117.34085202978507, 127.26768205131465, 147.536771153579, 155.22844547814336, 95.05731917425113]}