{"model1": [33.83594479470882, 30.11140472938183, 18.895496255698223, 0.48132219584628677, 18.39124924187052, 35.59692313796285, 19.569721579239395, 0.5125260580792166, 24.574759259588884, 21.968091610644013, 12.780050864074264, 38.46666875551119, 36.053721484142734, 36.229295405882155, 9.129774443136682, 25.733311307431183, 17.85803328808625, 0.2009387585374051, 3.4140923434645405, 6.301799185426827, 4.2070605806610955, 27.854550076335183, 16.41827845496926, 28.010493639756135, 2.3927168673051864, 6.2193478236246875, 25.233197998803814], "model2": [28.727384492482788, 36.19787912725606, 16.88412852969815, 0.638919244827976, 24.168651363531225, 1.1109432422197674, 34.91277228205253, 18.732350967668694, 17.94066684694971, 24.25319309723937, 14.673771274057579, 37.541637849510934, 30.671249967669745, 21.27411215394048, 7.661772301335498, 4.008565033504803, 10.464829059891521, 19.918442690411432, 31.55967349471174, 35.822428168598975, 19.53848108606484, 15.340498309724726, 9.64779970036312, 28.813807202140325, 5.146049238021596], "model3": [31.80041864128708, 18.018423112922488, 0.45108137142723936, 24.089925361949582, 0.9390888327825889, 22.95666983987298, 15.64829723243309, 15.716136586274512, 37.53454786978243, 1.5959044805799854, 29.138434696532535, 24.605819144928155, 7.251825679561885, 4.430747560909543, 10.262795931977326, 16.545419000195498, 18.889981519472375, 29.38457184188182, 5.365804179038416], "model4": [20.503855085926613, 17.42377682511982, 31.676681676829897, 23.571034256385772, 34.628069662884876, 36.68366117971465, 27.3734985319462, 30.914821779639283, 19.847939439369352, 20.512188682566222, 25.562562115934423, 27.407185612945607, 25.559507523939807, 32.885597780936244, 18.555088743034304, 34.0982226367825, 16.961599749806396, 28.67118246077719, 31.432627791101513, 9.933145401673588, 18.906020050714073, 18.85853147844547, 14.437635024910719, 38.52791896562343, 21.817657428580677, 12.347284521952929, 30.19881322288544, 35.80570299395694, 27.578136001279653, 22.906790597020883, 23.880647065135744, 26.82549585380436, 23.2191756259548, 28.404916141627474, 18.033079143806862, 27.824948425021606, 24.036316919300752, 34.46917508829597, 27.75430399720277, 23.9395763221918, 23.731074314046314, 20.701640664908762, 32.73644830676903, 26.240731406608813, 32.38357282223768, 5.093955692272419, 39.37066274381499, 12.318262152451041, 22.518175779052893, 18.53512705530643, 21.18620370222091, 10.864851732499668, 28.751971852487262, 13.120514752326812, 36.679261179241834, 27.67412073315748, 23.62140976002362, 28.029392652726965, 23.500781304033357, 14.4802031628766, 23.726067393500465, 23.461304901576177, 26.947846753662922, 15.916737797407905, 30.622013126906438, 29.370048933732583, 11.406826998171283, 7.899991633873027, 15.25368155849686, 29.76418884825984, 25.865187117389205, 35.56731466430674, 20.5241079339822, 15.49462357622961, 41.0197050893719, 19.560125093292662, 13.408413887922327, 19.19814077668224, 18.971766451705555, 32.09626627849483, 7.623985424062966, 23.334134119335594, 23.300678985533214, 21.572281230765753, 30.411647454182088, 37.554228720599475, 41.24035850481365, 33.035687250573794, 23.146959852059943, 14.261052455248082, 34.758941619046304, 14.099335638831562, 11.698824165666108, 16.715588227654102, 22.763019034258274, 22.796578600079123, 23.919685982552764, 27.5933907017368, 17.417632670424332, 29.42522717408528, 32.06093060834024, 39.02681207562737, 28.213997963514597, 13.13316706176177, 19.215499506557144, 32.62464110433786, 40.793208281922176, 31.954487720488657, 29.488150046731576, 31.575556759329103, 39.07363734349899, 28.171641791044777, 13.694880960410064, 21.048322565348823, 21.580138887641155, 17.65879043747905, 14.955832159791685, 32.656575252518195, 26.03560041882846, 30.80295345137497, 21.313082574843733, 21.894841350574946, 34.29883840561458, 12.736298566847598, 11.970321884948367, 14.944951378975842, 35.93469090981529, 22.77112526539278, 34.16198925523183, 31.462409886714727, 25.01252790616701, 29.13217677259152, 29.726814526909862, 15.367015175445445, 13.015634008207005, 19.268236745363577, 11.235971511000677, 9.793293076672043, 10.708754432240351, 32.33067334066587, 22.20938008001199, 17.06120276127046, 26.299121491997585, 22.085112542520083], "model5": [3.680082126616687, 1.2581078136212656, 1.972654548724188, 0.6340544426305557, 0.7472677649900483, 1.8055162196902028, 0.7499846404549936, 4.118812702957868, 4.304315698694042, 1.66350305434986, 2.469792212841918, 2.6692975203740628, 11.560736600869133, 19.535554369232106, 0.13571249057552148, 0.5000925043050081, 3.6199649766317594, 1.4667559003496504, 2.958293041621338, 0.07947532171271436, 13.777504697281366, 7.729794404369897, 0.20794859470262336, 2.7350108881226314, 1.3236988380553185, 0.49909255898366606, 7.963767062727856, 7.263836687907796, 1.687253436143777, 3.018137866622715, 0.26059562163657624, 0.214528962892568, 2.9408982414385463, 12.548195096496997, 8.063663715316551, 1.3699225083703594, 1.7898000484523395, 2.4053219355659916, 10.288426289970982, 15.315988843756193, 2.3082457603726256, 19.235220154850687, 8.997026468617378, 6.7979606940218735, 1.8149773127835902, 5.379094145652365, 0.2643704739774855, 1.2236633814316065, 0.15902803356392176, 0.7642217544204202, 1.810549470693369, 12.11531118209602, 5.374043758876022, 1.6577623835728388, 5.956854246349299, 4.442364171812663, 1.0583372400501285, 1.6819428368838696, 9.462706464481558, 0.3519220748101454, 0.9440228847539432, 8.629448200897317, 0.14655959477756014, 1.0678319753933614, 5.574147521903321, 10.25485941947763, 3.40840672002414, 4.0435817293024074, 1.2130666177280236, 2.419121253432302, 14.126756345520356, 2.070484213341356, 16.766324278633473, 0.9497082403267134, 2.9729051158880915, 0.7228044813877845, 5.502188182415941, 6.367375383991823, 7.948968240118663, 2.3214610072748654, 6.402872935491345, 14.946317065075604, 3.8184188471924756, 7.788560382861724, 0.4327718157802421, 1.9460132924630662, 0.12003004557589046, 4.416837911262776, 1.7939905386145143, 1.1904516675124859, 7.528126902995877, 5.361908256292117, 8.108944796073068, 6.470594517241747, 2.7958313118460683, 2.1967037600253922, 1.6419879282658443]}