{"model1": [15.962084937780636, 18.640151548681903, 14.885935281648521, 189.87853839300652, 21.125117206315092, 27.521125181279753, 31.263437881114612, 173.71429655541394, 20.96869909799965, 17.139089114265015, 16.682906635540395, 12.425044966802934, 31.06328553414579, 23.254222149112582, 53.46302822871217, 45.728524063739584, 39.61236384444097, 154.86509467230476, 86.74163364468016, 7.597239527590666, 162.85104161938338, 47.29503114632904, 45.962631547873244, 27.8327025028671, 170.38453700299206, 2.9591362309436797, 10.89001017444479], "model2": [10.584713000644214, 38.287183526691464, 67.82830630006478, 180.3566291194416, 37.48756421994697, 158.72910262590307, 40.558132474128534, 26.700924918820427, 50.35190578111457, 44.606422562816526, 33.2206348097894, 15.867538872607403, 63.312725091064635, 44.03548738054985, 33.02950778167954, 66.36219367951654, 38.58709297244596, 53.90951399863717, 46.54537715548084, 37.97228718626501, 48.353242739768696, 39.794877309812136, 155.18572980046324, 12.08227113433759, 29.3720551703204], "model3": [19.608917973207216, 44.4743821922216, 179.18972888250414, 51.24689023484838, 152.42968869440884, 80.65050087418611, 53.21840181961201, 27.290229366710765, 30.26847839852696, 128.16488954892426, 56.57728522211892, 49.36042983879015, 11.637286092538531, 72.61479656048151, 37.24910621112369, 44.69653223654259, 51.52780275319199, 18.987301299412668, 12.130274307684914], "model4": [26.649604714515334, 72.45554154180438, 12.888380611043463, 24.20818723423531, 37.394841396444306, 28.48588877361821, 21.9468410125332, 43.14553061650931, 61.78368995114816, 23.937274191392508, 38.08348077296186, 56.772334944104614, 38.22208409506512, 59.58763077547353, 17.004760913473074, 34.39922882761675, 38.64244291444378, 11.475504025595876, 30.145572013886355, 47.93233847884407, 18.86620842465543, 57.51692314267412, 46.831620465668195, 36.55677347316121, 13.05148548091655, 60.26229944924684, 42.677456221573905, 33.877354927443044, 5.205080991017243, 46.61811401928014, 49.91934286954911, 35.8378858158762, 61.4422092812736, 28.582749307122974, 91.46248265877593, 40.01770508722983, 56.010534760609175, 23.528618048754055, 35.36624038748338, 18.29808040457206, 52.074649019430204, 32.28804582560264, 47.0948383701334, 31.32077319317543, 40.87312398656475, 107.12129040638662, 33.53419265827422, 48.37946725254374, 17.084845988553063, 5.334389525083503, 52.66866243315841, 58.19557129621004, 19.881341980343542, 45.303056138735826, 23.704329391574312, 52.865599501742, 63.3152512366443, 21.134515997859516, 13.105943453207251, 32.358189420796684, 24.528942186923885, 20.499711137446244, 27.9321436881671, 52.02794902634697, 7.0982316066730275, 37.09028817423781, 65.05811062711537, 50.69056565511985, 9.550401863700849, 38.355199212225564, 50.0265173422197, 36.3571213681542, 19.73871827358954, 34.91725056030187, 25.366710207926303, 18.35572750573385, 21.649988515844523, 57.00210862762527, 43.036389071017865, 20.161914660718708, 86.96305981143796, 65.27104494269648, 60.61627875857799, 9.14287774151566, 41.46360029884292, 35.90046542983664, 8.901196989785086, 32.53055650524934, 22.000952904376557, 49.46730178785145, 7.265044951301759, 36.25376769485735, 52.39804261524617, 55.76393966047507, 40.195216516079945, 71.07782740726832, 43.33510970221695, 27.240474310460055, 37.5060264948507, 21.331600541254307, 20.710178151252332, 23.812638937011013, 6.223019088785915, 20.66052673679518, 22.746617318785155, 31.471025782727015, 42.417099917553166, 18.106317187241224, 38.65533181711371, 29.386213210610492, 41.17592934813363, 28.46941033149246, 64.24947956303473, 64.63484054728868, 46.19606230564716, 78.28486533885417, 48.64264945168355, 39.40334452727584, 15.303911642836352, 22.405577271104224, 73.40943750114073, 73.66023827338992, 44.72528853224949, 64.67216807903672, 28.933108766707363, 40.686698944789335, 15.742775957736873, 55.601585893255, 40.34253200290713, 38.92997923825871, 88.2612938466661, 56.050461755214855, 61.32389532890317, 73.39873719580278, 53.500540334487425, 41.03696694735788, 44.01944381247725, 92.76069318359755, 77.25749754758328, 44.5924627705971, 18.48677531265157, 20.800706399724174, 44.562133495891146, 46.51918122217392], "model5": [112.73039150291437, 57.428974122314656, 117.6186748488677, 69.03837958662102, 115.4945263903906, 127.0923444618234, 156.38271113328702, 109.89693875762993, 103.71169191925904, 128.72829215767956, 145.1806029822323, 126.80852096735613, 65.2028587118972, 94.26609188000434, 173.71165307938594, 68.12822209194066, 110.64309354435858, 141.80824371961322, 123.89312027567122, 165.09689229035996, 89.02315671878574, 93.70035474879631, 147.33966219007752, 127.63933295394428, 111.86546653927759, 113.6045881110042, 108.2427239116794, 85.49317343326166, 103.94149064320533, 124.90295642880085, 118.7323085444063, 128.0631911724128, 97.76646494592008, 93.71327142903553, 58.7803640854356, 116.60758539166793, 66.62211475290428, 100.02748131303746, 86.2164087717538, 83.19978031478699, 108.71592828662753, 85.15238580447401, 113.97498646705316, 149.76862689510315, 129.0604636498534, 130.2955934707912, 149.40747325634803, 112.91334051713271, 137.32121493377727, 138.80395028474652, 92.40078534516051, 110.7851552335438, 94.60661606639493, 114.5479862156765, 112.09833626803015, 105.83482842700809, 116.9878324178001, 78.81238839946107, 105.84905628110528, 128.977766137811, 153.59495986017225, 118.25949747785363, 137.79661130694404, 123.84350545251303, 134.24499046020458, 116.61648483075223, 115.57060453275717, 107.2423497052821, 122.31983207277848, 109.92509579043272, 67.03023551637956, 127.8886146581284, 51.67241024678937, 92.47524695377369, 148.87583116060392, 68.91379151958799, 98.76348664849887, 111.730959276321, 127.16853894539696, 115.32266013817531, 114.97758240474923, 88.44174922606699, 134.56854855810695, 126.1238498353572, 66.06782425845573, 123.82364758717378, 135.71383444512767, 100.23817307712478, 109.49422683416397, 100.83262951242816, 107.66949952546659, 114.35608185953257, 114.2235058016195, 97.57567396781997, 132.75152380222983, 100.09908201242182, 100.91746367924596]}