{"model1": [20.393444016018186, 22.805586216825837, 28.9866508781097, 0.9780724243525541, 19.92996099873883, 23.71619185940202, 11.216252064728073, 0.0975785715607022, 22.78653373956945, 28.599546412594417, 19.813626861889038, 36.244050939078484, 51.25418076281733, 35.725246058438806, 14.327892409817695, 11.378314858337806, 18.31001323720859, 0.18429779641555274, 5.571072289957274, 14.211563303715117, 4.071971504598434, 12.119890733226182, 23.822794742609847, 29.819745253167824, 1.177561986189487, 15.094227604427237, 30.95918139534884], "model2": [17.04746249615955, 27.116924632622773, 23.14064792639126, 1.3269379371644319, 23.420039383073988, 0.9101811845246179, 30.968854523636047, 12.018408522898923, 31.37400857511811, 26.154360192862598, 20.756491562869474, 37.13087493812064, 45.63233513230054, 17.589473715783726, 14.65853546082453, 7.307282133510823, 14.13020298239143, 15.178883987957711, 31.632222973018177, 31.44420786479473, 18.830539738014657, 15.93239359016726, 9.112574474756977, 30.80416053682998, 16.6796193248019], "model3": [34.93690936071465, 33.204933363719604, 0.7285080748703926, 26.106469552794714, 1.0625003334987486, 17.516745902759848, 28.56873100867652, 26.90175103177477, 40.62449138883007, 1.1353645720454555, 50.81667255386789, 22.21993664121617, 17.43591187191506, 12.135036887201672, 15.565434875791908, 14.201697300831405, 26.927919539106977, 35.93198685460215, 15.091163121146444], "model4": [61.62206051271972, 32.19251900320689, 57.964523567152995, 50.09589298947875, 52.70570622444867, 57.212138282978074, 56.86031801973333, 56.11405995018466, 30.49814348836638, 37.23022855390712, 53.7479029711664, 41.40787083398701, 53.63858473100667, 41.633702201525544, 61.73700994947975, 56.5833739952233, 37.56334698259226, 54.75611396496126, 52.55212616599497, 37.31274319066148, 47.75066659019275, 33.499087558678184, 33.521071275294176, 61.45790575561902, 51.95155010316754, 31.897172730328833, 48.93986251777155, 57.709214276685195, 59.62938143894494, 43.977501518008374, 44.062835213799616, 52.2306131434369, 40.84010716212386, 47.42663153682322, 23.613017502093076, 51.60571538141112, 39.71288868082007, 59.796288657414756, 50.49546500194511, 45.72980214556528, 35.39569492884518, 44.052540780706586, 56.079691638140886, 69.28971270721014, 58.47509415192212, 15.113014624204876, 59.45988524688305, 29.528157499311448, 43.2241593354698, 49.692151335828434, 37.97354784844348, 29.332366430905715, 68.76502503038988, 43.84105140372224, 67.657630697084, 44.15615223805358, 30.632158280135187, 55.31443575377675, 52.97811136784254, 32.16626496620699, 42.572896107374305, 56.393612122217306, 45.867605252470554, 38.07879106480138, 60.884007849629995, 60.40764837149233, 29.597749704300806, 24.10945509070492, 43.638509330043846, 62.3326226473533, 45.298841753966414, 59.73266122620874, 53.52929139088399, 43.01038321215259, 65.29325759769804, 40.76861569362574, 39.499012944062834, 36.36179837070504, 38.03883467848379, 61.357732128600574, 16.736784838211918, 37.83043853028266, 33.04867114232624, 62.19616368068701, 48.76382088489273, 72.67795307954127, 71.71996796917033, 70.56812736276024, 43.44097365972658, 29.24990587835793, 52.85720445252484, 41.751456155216474, 30.271143663155453, 30.266001929273806, 39.60993870006798, 32.67585438074103, 37.43785713234079, 58.3753177964509, 48.756858404446504, 53.056187083931036, 56.88944269449006, 69.32523275998106, 66.82805456764478, 35.874368226365426, 38.19880693182198, 51.87715157294035, 58.800531706935644, 61.08272206700733, 57.02630798380116, 53.86732407804396, 54.74142788783969, 46.77312722261307, 30.569347977601, 40.97385547715932, 35.29900193371859, 22.823425156752048, 28.360750169496708, 56.70254736901658, 60.213104743648216, 61.170645425585725, 33.9841018835435, 24.253144564371418, 56.10599045516062, 33.98685771499247, 42.99744866966347, 37.74690172339901, 57.73414620122747, 34.45743627275869, 60.94330185399014, 51.90242219517835, 30.627971112790988, 47.83443299764633, 44.1577969148157, 27.32234533674578, 39.45036648613477, 47.56629332218525, 34.30462830573162, 15.82317127604492, 24.32964725406852, 49.28094193679314, 64.77896056212644, 56.530825295448736, 53.091645279334244, 46.541845238006076], "model5": [3.4412745882949873, 2.1666097105754316, 3.5092759776337377, 1.3062338107213487, 1.4292168279281245, 2.6686709145495353, 1.1968702025625497, 6.722654240336961, 6.624447442674645, 1.3120499916411577, 3.1992737129524933, 2.65042808571475, 13.527591882774596, 25.112358124063682, 0.043211940105529, 0.6573136901162896, 3.3899596961671974, 1.9089279712308966, 4.080069745054413, 0.1468975648107918, 17.284131536463704, 8.318616331200708, 0.2982398647561045, 4.624692332955707, 1.325944318495328, 0.5854899503362359, 8.288894844827267, 14.027457751951241, 1.6793643585370843, 3.4985183077841833, 0.9231178397720816, 0.44931375656271966, 4.543514663182121, 15.260397511701228, 12.517872327024218, 1.9363479322411563, 1.7298213782174579, 3.385784979226187, 15.453872192602644, 22.686832081021695, 3.8731200754036825, 20.402572254685428, 15.635064480997297, 4.40212192235673, 1.4482441421994017, 6.124370267397986, 0.20843327789924268, 1.6822698180649343, 0.19473428828238726, 1.2218104207128786, 2.2766347867692294, 13.229060446378671, 11.325770165868901, 1.6445738583841745, 11.861433989914596, 5.433899362778878, 1.113347042647973, 3.9848436483029945, 9.287123051351758, 0.3983228511530398, 1.6867076050538043, 8.759134892562756, 0.19368618304729568, 2.186611146175726, 5.800150031868957, 10.4966078697422, 2.497830790501995, 5.471789225311524, 2.230939097135525, 4.559602203555669, 23.739119245934344, 3.2201955962326876, 19.993820617033997, 2.2796751077370137, 4.215551729841995, 1.4100377795091605, 7.044487816656271, 8.643709234013045, 8.457137870679428, 2.6530482625022827, 7.434568705120554, 19.337417633947602, 6.0408563012249825, 9.659410155381645, 0.6363840395373117, 2.358845219599556, 0.27435170019854116, 3.7288949415487203, 2.6745542472507355, 3.093431105144097, 11.555616898427704, 5.919215916923502, 7.718606246688004, 7.175979770246903, 2.5490117692209284, 3.261466701217932, 3.138718644192326]}