{"model1": [0.3412130989295054, 0.3777359798803854, 0.30570395243659915, 0.18786342125623584, 0.2059460231979013, 0.3247058088825072, 0.3959393851341181, 0.2503306125872215, 0.3027188900147517, 0.29163599194301154, 0.24307951640360145, 0.2740583775751519, 0.3811246630568302, 0.2706419902495855, 0.15033888036784393, 0.3474861827030698, 0.34574128617413, 0.2781536063840741, 0.14613467006698794, 0.262747529825978, 0.20558523530914216, 0.24693460252728794, 0.28516976925505383, 0.2989814589022728, 0.25162435905300445, 0.3349055353136475, 0.2796571241324727], "model2": [0.3265859242185522, 0.3051447588697057, 0.3073984032106028, 0.19670349650920893, 0.3280175506191991, 0.2015586764331839, 0.3309581218176762, 0.39813180166028117, 0.31872316494321984, 0.35266529886683295, 0.2731945753291129, 0.23727926684096676, 0.35689002654201324, 0.3439156403264856, 0.18102789284013657, 0.16194279311014756, 0.299653029842476, 0.400006153160634, 0.3474800502570604, 0.35920407367857504, 0.290561302631912, 0.30327642593145177, 0.23224077376702537, 0.2672080921281697, 0.29083899391324336], "model3": [0.35121107314969163, 0.28162205203380053, 0.18811044858882445, 0.342075542231317, 0.1893326098608564, 0.2303410622435564, 0.2618476478010357, 0.26237881264280416, 0.22908018459699703, 0.2505393794456773, 0.3183778678447322, 0.35210258246819587, 0.17781835016553774, 0.1516674264159677, 0.2903136026319497, 0.3492072116050208, 0.26734704281431887, 0.1929884245560879, 0.3012066166458417], "model4": [0.22126627231710724, 0.17343150024086584, 0.38463198749356287, 0.3420451971222773, 0.23699390843481738, 0.2936695485785919, 0.35335484022721664, 0.1965962166937208, 0.23031194419646053, 0.2855387356347682, 0.40775174473614334, 0.2849643524794581, 0.39878527920701773, 0.3541135375128179, 0.16618390223622048, 0.29293646725893313, 0.32739468215756984, 0.21236125723487198, 0.2880472661240027, 0.18129372655449774, 0.3074432527655659, 0.22275585777076515, 0.21950436377228968, 0.28750458263964035, 0.31467230837163884, 0.2934542422768953, 0.2462041294810115, 0.2253523260684649, 0.2862190348017835, 0.30684851996619394, 0.35519971900894937, 0.40872938758058963, 0.3667196602306535, 0.2776218000963554, 0.26493455938424815, 0.1433747871511237, 0.37391971943647917, 0.48779458448104224, 0.2314482982481485, 0.44216206485403137, 0.24418097047200643, 0.2780186012405088, 0.30508165919601354, 0.32229854211839554, 0.40012749571313605, 0.2999893536505422, 0.2082339165176609, 0.3087788386457095, 0.19334349957138164, 0.36129164057157503, 0.33146634292468885, 0.32759878110964474, 0.2564716693067375, 0.22613590762360708, 0.2287502361705117, 0.37341895914859974, 0.37144357787451915, 0.3396274732762605, 0.2682409014705982, 0.3684727263422189, 0.36035947651723327, 0.25754421721608306, 0.28514293974234656, 0.34419013563625783, 0.24045892415852818, 0.22460458432553762, 0.3188823236874651, 0.13347935768819522, 0.26938573392074056, 0.29260421513929247, 0.2486654996913608, 0.35310000514913964, 0.2759198762546056, 0.42245136365586067, 0.2953325277361743, 0.23642777476721133, 0.3946908475377151, 0.3760721870201459, 0.24009921928252953, 0.37495488851249453, 0.3123612277377344, 0.17138596719087998, 0.25395755001271497, 0.4427602623167207, 0.34255294531754743, 0.2938508512395761, 0.2895887602579861, 0.36750721182985946, 0.27717811168920176, 0.14971990801682683, 0.3456051998334569, 0.25854635665727715, 0.38728873009290865, 0.2799630474109378, 0.24286883475913693, 0.37943138605402177, 0.2598043742651337, 0.32634685202283015, 0.23873424157459, 0.3772025714016956, 0.29381013231942305, 0.2462114067620739, 0.3214673856886323, 0.37912860694170447, 0.24213681672385137, 0.3977190105452065, 0.4052797748247151, 0.29125787848334056, 0.2853901880199179, 0.27659058398521313, 0.30671351732544805, 0.2598383584026895, 0.23248636891802962, 0.2897662796107653, 0.21647323407482333, 0.34184885208389226, 0.31220011382364293, 0.31040774635016877, 0.3342440722031373, 0.3781640701217169, 0.3099467341018643, 0.2055311030966929, 0.2339458280612291, 0.18493933786729763, 0.18635174004548027, 0.24161725329399192, 0.2261122131977322, 0.3053549447325756, 0.316449066853997, 0.26457485966207356, 0.3144971347667885, 0.28112597409567447, 0.2857177433975355, 0.2592313954624633, 0.2804902636539209, 0.32891035658418993, 0.34605361801058415, 0.2612412751330301, 0.1854839832400187, 0.22757974294235883, 0.3050553930168122, 0.1447813297748649, 0.21054703649445095, 0.2698563827498837, 0.44238338117258047], "model5": [0.2825049703057018, 0.2951656169185933, 0.28657773465618736, 0.2529132345669314, 0.3194524799408861, 0.30738241156672014, 0.2645832905453929, 0.24090760779840675, 0.22611299363540346, 0.2876242933028438, 0.2690590708230751, 0.29015344291130074, 0.2998945608348224, 0.33026073450596855, 0.25182621036965097, 0.2886430992056019, 0.2648905201961826, 0.30091480625875383, 0.3301633453810244, 0.2879786224945033, 0.19456225648225592, 0.21558777144516064, 0.23710107323564028, 0.26816742855333675, 0.32641891159641223, 0.2806717850215563, 0.2804452455227542, 0.2685647917941189, 0.32167565090417455, 0.3112774072615905, 0.2434559275962913, 0.279112348819215, 0.3050266137721495, 0.2875106182406177, 0.3154427698531697, 0.31947599097588963, 0.3571661783100024, 0.31355884715766463, 0.3115100644194405, 0.27669077753119464, 0.2721967822720016, 0.22887560995418807, 0.2578814716284875, 0.2545381012799667, 0.2943139004372292, 0.2997527051892917, 0.29135223034235713, 0.2801909124373631, 0.3039886657598762, 0.33387518777429065, 0.21954346563018856, 0.30509983061866813, 0.29168740980990276, 0.3149993848429523, 0.2216400601856703, 0.3096391436635684, 0.2723354848304442, 0.2840246269331938, 0.30401051107603266, 0.2817139621256004, 0.2997920055346342, 0.3161996103418847, 0.28662343673391794, 0.24756956041600206, 0.2981702352473576, 0.29863613411787177, 0.28958106399826583, 0.3046292859900902, 0.29152121556147265, 0.32369216433289005, 0.25673413646609566, 0.30143096339940206, 0.2658940769269022, 0.29126315975314904, 0.29777731392994783, 0.2500921291055412, 0.32450780499057164, 0.2867258137762726, 0.3069176880796132, 0.27127007941737546, 0.3258355874573565, 0.2748757974636158, 0.2300438330403216, 0.27043316057379096, 0.2539038734134133, 0.21345623618467494, 0.185753742152634, 0.24585211199107804, 0.22395706079044425, 0.2415888196307224, 0.21850000172477363, 0.23019911505527546, 0.21454234232946146, 0.21651046841791677, 0.195456264493858, 0.18623538315958355, 0.24589384556472754]}