{"model1": [3.422151799436877, 2.9576981994861704, 3.179651680350144, 4.0143849201086335, 3.5830111639438464, 3.801358917800744, 3.1176334643596526, 4.155884604563794, 2.9005818561845635, 3.6656993475028368, 3.2258340108341663, 2.928055572655232, 3.809511619529363, 3.3475542512762084, 2.9440401544933317, 3.7810303573931456, 3.8926421127589883, 3.6847207728873026, 2.8790609579648425, 3.6560833193696456, 3.5755224962706413, 3.0477229940497237, 3.483613469049392, 3.380784241516878, 3.9446769926465644, 3.3996380681588, 2.9989343284094754], "model2": [3.297723335430191, 3.352359267662841, 2.912268249707836, 3.6219817327987296, 4.12636367872839, 3.741684368413571, 3.7092815432468234, 4.150218612142229, 3.6111357186201634, 3.6084804766622085, 3.517822264506901, 3.015855974568593, 3.0161266710216346, 3.5347742754228535, 3.23718702528026, 3.198611623156401, 3.3164965431009787, 3.2484116998021344, 3.5615938813172496, 3.4043845178996754, 2.348099328152921, 3.096835570172381, 4.063718565435688, 3.3467592489306184, 2.7750822469918828], "model3": [3.4606910814456042, 3.01563640415221, 3.268598548437738, 3.488034330359371, 3.738780125788215, 4.107806924630988, 3.5548872427931757, 3.581459460202241, 2.7020594892839442, 3.2924784530388265, 2.9475449572150563, 3.552002067489116, 3.4627825020852034, 2.875264058042733, 3.743102285125266, 2.588539594749324, 2.258785331701125, 3.3345308895375134, 2.9776223262902435], "model4": [1.6365216137268985, 1.4676395932827566, 1.7307976041325106, 0.9658865636963149, 1.8702166651776337, 2.114257387952695, 2.0894243769811474, 1.4175995053775412, 1.3804371704234035, 1.4484552168250582, 0.9897455302526201, 1.2846890040354915, 1.7497168245706038, 1.6375405779179615, 1.3189610754401366, 1.9736564012642765, 1.9453509987326127, 1.184663097098522, 2.0463583974976927, 1.8129569719044467, 2.182956284615219, 1.1684597281356877, 1.608452627095117, 1.3939364813739, 1.8183115592345034, 1.8808678166721726, 1.9688205618408936, 1.443241873877649, 2.6274381744467785, 2.0469194181137604, 1.1805099618644008, 0.9559886429814066, 1.2366911451076175, 1.1254081084845597, 1.6692195266099286, 1.26391150817343, 1.027176188054995, 1.7675161560161996, 1.741227437809528, 1.979890317615767, 1.908128632133479, 2.003797898002104, 1.88134846680461, 1.340539166174776, 1.7973750437595035, 2.1340508385270294, 1.1981981868045506, 1.7061431421834206, 1.30579811021635, 1.174329505770172, 1.0233280157277198, 1.4868469084269416, 1.2734158532636561, 1.5868835534493908, 2.0321750983301015, 1.4769633974209797, 1.4004309161734647, 1.5973456921942173, 1.92411718233703, 2.308828238709242, 1.3273825534035073, 1.5925012691838067, 1.2556564383254418, 1.491997350341578, 1.5636390527222883, 1.5245808934057097, 1.1108629644490031, 1.3488573912544715, 1.0822908346255893, 1.0192776858124246, 1.0115582360523816, 1.6563197455321392, 1.784918736973698, 1.4236928637694934, 1.4642328296213754, 1.4311634749140456, 1.3574457515446388, 1.548845235301947, 2.0144487388896755, 1.4535996120426917, 1.4988953868512833, 1.165544115116727, 0.9548626208336783, 1.8807106098046493, 0.8281445051715262, 1.57535283244638, 1.4537463346249397, 1.4689143826309634, 1.3651300401539026, 1.1463922480070023, 1.2220613874677826, 1.7221377563261178, 1.9355685958492914, 1.63017668915669, 2.0037705725142194, 1.7222473342250053, 2.0194692681376383, 1.2429769965522788, 1.8820432504799471, 1.426709585329751, 1.898685318463759, 1.5830269095386489, 1.9609900514238274, 1.3010228124114007, 1.862660115750358, 1.7561419628458168, 1.5538968420312944, 1.9053622014362284, 1.2305676261994565, 2.8661386862459826, 1.2607958764360678, 1.809737562123669, 1.5061330225720675, 1.2974630303055283, 1.3857466810835797, 2.0651661736437865, 1.4975628420178764, 1.1066727466544517, 1.5852256675343657, 2.0633955065620952, 1.4770712688112762, 1.587941758330256, 1.765846944262347, 1.6873132048822443, 1.7307771937874117, 1.8526968162239226, 1.6668143316140778, 2.4008070426988835, 1.688175060515277, 1.900996898599995, 1.9653604975579442, 1.8925397794100718, 1.7154604705955045, 1.7802002791349663, 1.4650153198446092, 2.145894233856214, 1.3346593821525605, 1.8074463890349013, 1.292832024645448, 1.3673336605922963, 1.9150471477824498, 1.1484101557894753, 1.2024267029713296, 1.9138623376501671, 1.6343951298255939], "model5": [1.1168026137833116, 0.6400942976266111, 1.454315900061356, 2.014307170348361, 1.2942000110945293, 1.1872599647046311, 2.6399599422694324, 1.3238123830977382, 2.292453372879013, 1.4295234142352384, 2.0529182286663916, 1.3302882100476192, 1.5670329317799805, 1.540522154180523, 1.2860097185488701, 1.0948441482530313, 1.616722509455039, 1.4803912742292997, 1.652749197564189, 1.6226763348567717, 1.300757736357756, 1.4500891226320924, 1.3343207672064537, 2.1350028396641885, 0.9132852179818162, 1.1600851856555192, 1.390998322644062, 1.1927555294736871, 0.9685708009989588, 1.6330505478500696, 1.337219342912278, 2.3179723198803246, 2.1527349502618733, 1.4428821285172828, 1.9705098630381896, 0.9543152366793319, 1.3777373108281248, 1.4964200906181837, 1.2833344439102177, 2.044328043246948, 1.2479802868476193, 1.6261955567311477, 2.618561773574512, 1.7708015968996584, 2.108874807106281, 1.6117626979814796, 2.1367555254487653, 1.5945739536563435, 1.0375572852117456, 1.9544884657662571, 1.7109717764362766, 1.5751347396695983, 1.696832228952573, 1.8148281023296429, 2.6786286657089433, 1.1118002416590838, 1.6465431681919345, 1.5070082293412566, 1.2269041543196315, 1.4766095016123668, 1.716901808550282, 1.6445939783663641, 1.5566244272211773, 2.002389829655019, 2.62075732097212, 1.890232284014611, 1.809708749286866, 1.5293752412021804, 1.2953617691143264, 1.1240332177469186, 3.334720962786599, 1.6820263081104347, 0.9721062911110423, 1.4545892463535444, 1.1414467755050863, 2.413099889006443, 2.064699675767499, 0.9211406394696933, 1.1041188834938187, 1.2913174694623772, 1.1548226119253315, 1.3949409641367747, 1.573289617349898, 2.3476946232655234, 2.422978823121346, 1.5339553342568863, 1.5256889052858398, 1.2096670958565987, 1.7189793194622265, 1.3196648031827392, 1.664171083429515, 1.5748075369285923, 1.7511702905410653, 1.5392713119035717, 1.6853269815883902, 1.126304695861931, 2.1570170241107487]}