{"model1": [0.9359827893711746, 0.7961965577240837, 0.8048950827654735, 0.6195335305999431, 0.8024499772132918, 1.1761315806780588, 0.8160377889464328, 0.6904506104954329, 0.6407177933669663, 1.065710326226982, 0.9531549665919455, 0.45397619285065405, 1.10919239765297, 1.1216170053268302, 0.7078036245486939, 0.8901985114097348, 1.4642993207653405, 0.6427982463038519, 0.3852571732493216, 0.9817716576298683, 0.4816105514786188, 0.6408745281285029, 1.0614631572276485, 0.8067596548743299, 0.6976248424318606, 0.8972021219958297, 0.627076196361243], "model2": [0.9268124569421485, 0.8579947276729157, 0.7192451148386885, 0.6750657826893408, 1.2183316670414033, 0.6432851239347264, 1.1657462794573699, 0.8574928345527162, 0.8911766343265731, 1.10886279844252, 0.9283555197804964, 0.5580754128699209, 0.8302838393414311, 0.6207942771552182, 1.1620146681214503, 0.4767563078510449, 0.6310176887669462, 0.6651495491064282, 0.8997255120247715, 0.8050562167768678, 0.4919092781538355, 0.5389786908213964, 0.5496817023755111, 1.1087833386401444, 0.6153698160134373], "model3": [1.018366027537821, 0.7283709656852633, 0.5150392782138934, 1.0103103484285252, 0.6457503242271063, 0.828187011377797, 0.8306581844100666, 0.6353759831448192, 0.46684950841972517, 0.42402538308706594, 0.8067317438472366, 0.6964356457561794, 1.079524248612356, 0.533105222440374, 0.8340258665361907, 0.4979083936170089, 0.37337578546801004, 1.047551067734567, 0.7153304532958886], "model4": [0.5803166687494037, 0.5667313008954183, 0.762024131017434, 0.5590428420770216, 0.34453407393795604, 0.48917741491397027, 0.8791054935789939, 0.5758096145512392, 0.4433334546401104, 0.3133453323970674, 0.8488507274338996, 0.4431833509576115, 1.254852852974353, 1.2199488382925379, 0.35809204992028704, 0.6188462233093049, 0.5783033597381397, 0.5518280511522565, 0.4031784386481162, 0.3804165021040563, 0.6403895705748818, 0.7021347205172396, 0.50526569853743, 0.9301868259597471, 0.7050548333280865, 0.957769857825731, 0.6100525637475234, 0.44539708369988007, 0.4842155859636681, 0.7636413621737483, 0.982049290242673, 1.1319344638657176, 0.8758485500513935, 0.7490863124996192, 0.5769998867223697, 0.4530653098243088, 0.6646372962359332, 0.9384531108705315, 0.48894680647905125, 1.2124117248727129, 0.4076245029267569, 0.45056608226928724, 0.7492430675808626, 0.5957629424444182, 0.5857785496712201, 0.7493726511025836, 0.951503590427056, 0.5018275983336861, 1.214889479919574, 0.49991580994209406, 0.6719313821692242, 0.6269763436311215, 0.9445115080349024, 0.4786576891278609, 0.7324910610525399, 0.562944557155209, 0.8644033382575479, 0.3987195889620829, 0.6126773118433895, 0.615690799069392, 0.8820124518996889, 0.3406393736831486, 0.8492100537147405, 0.6971284302359956, 0.9310332278754173, 0.4030789282370061, 0.6880673604914612, 0.9265415177035026, 0.6330101067678612, 1.0007821648263413, 0.5509730922130788, 0.6806496624384104, 0.5842540748678519, 0.824956729407634, 0.6861043704060249, 0.42109421225356597, 0.6538320038696311, 1.0297837274267203, 0.9065732494674414, 0.7286573100774606, 0.46064282288794184, 0.8103978553351987, 0.6158429624880729, 1.3000816424556234, 1.2351010562242186, 0.5166194164987383, 0.5390072426904415, 0.8767975689032962, 0.4923087876908512, 0.3151975807351405, 1.1605866898694395, 0.36828288224432887, 0.7816699589599359, 0.5992606367365026, 0.42170095526941714, 0.5463910097220144, 0.548634561138322, 0.6370258710369877, 0.5489239251301152, 0.5807303570873217, 0.6835416038717169, 0.46434498192350293, 1.177346595585664, 0.698279216132289, 0.6404933983668363, 0.6175302465771513, 0.7932746675564113, 0.5978661534894656, 0.5557709501816335, 1.1556723142914265, 0.7742359247935683, 0.3380839917128814, 0.43807469676220573, 0.7392574937551354, 0.26604351076391386, 0.5346739409839418, 0.5160131797732254, 0.8458655388453074, 0.6232999268996462, 0.5104444400502001, 0.5638982716665842, 0.6535688007761662, 0.4002934421882574, 0.4293238713069584, 0.6284356224406348, 0.6706075238288852, 0.38704364587655354, 0.6042678192785182, 0.5941893257898735, 0.44490680304741953, 0.6002315440520546, 0.6152257022387074, 0.49848319835249566, 0.3982377455034762, 0.841062367240764, 0.5380954011176359, 0.6454552424380108, 0.6184077833696459, 0.5146972889934732, 0.48686323093746897, 0.4353627340916405, 0.41873217879522434, 0.5052403888915524, 0.794944631390053, 0.4900838027562662], "model5": [0.6159936569116297, 0.5169679156156928, 0.9295153413881359, 0.5291988137700372, 0.69210705122192, 0.6638700046211756, 1.1087447989411088, 0.6488378892299719, 0.4357823452249457, 0.6805350213742789, 1.143848269690075, 0.9579215921826054, 0.6729900914171186, 0.921534918180038, 0.673057503914855, 0.8865133631464301, 0.7187900887645591, 0.7612407383801868, 0.7656434140853786, 0.5230546451961868, 0.28357162103653843, 0.4415484191940924, 0.27525426500987105, 0.792077451794582, 1.0386438224142145, 0.9482280073961319, 0.5173834418456523, 0.2672435414042792, 0.5548370195525397, 0.5503453987580563, 0.25881085303929013, 0.3930020199845015, 0.7880428712186373, 0.44146188167412137, 0.5544882865306034, 0.5907626735716904, 0.8889564435674352, 0.7069228917901736, 0.6079382390092851, 0.7549983103925081, 0.6787636638402553, 0.5588409340683137, 0.4024969885655333, 0.6221318748656364, 0.44188572521588243, 0.8040658977647814, 0.6429544519278686, 1.064264143818427, 0.7956169285911477, 1.085952041835277, 0.8045891897166161, 1.067316422362782, 0.7502749951514572, 0.9280436193997309, 0.4732309411202334, 0.4919248439203427, 0.6893538094372995, 0.6086805152252011, 0.998023763542206, 0.6959087426021086, 0.533578402050017, 1.1386532791557349, 0.4086605163284039, 0.35760057022828656, 0.48422296189799147, 0.9311862998949211, 0.4979557864279171, 0.7640596002327639, 0.6743211119603758, 0.39673592854752415, 0.6365579336341387, 0.6462155112960125, 0.46561530058426864, 0.48788241598358406, 0.30161006906625687, 0.2854393442754948, 0.3650181387636545, 1.020231581295985, 0.6958482590620173, 1.1234986807701355, 0.6238470015245264, 0.29617495614376954, 0.47487323041273855, 0.6877840968188814, 0.6335810763973276, 0.4695527066759809, 0.6361657588787479, 0.4504565780879584, 0.5256667571654638, 0.9140504461661791, 0.6155325187195243, 0.8241449916470353, 0.88567748873247, 0.5676599159191326, 0.45106950489349035, 0.722684857354715, 0.41357860872639723]}