{"model1": [34.6467813696061, 17.1362780382147, 19.93531249715884, 0.15034047372881124, 14.07625777796698, 21.788721284028526, 2.3338650652153516, 0.15507134632726755, 10.025681115260708, 19.441658019451104, 7.261719462842299, 26.81354505554702, 31.74791843944894, 46.32668712982079, 5.734780404971011, 8.673691392056345, 13.743664518731254, 0.16118904784297525, 4.822620520993788, 5.062290402773197, 2.034069259217752, 8.812340080819412, 26.37666086147325, 34.59058947645658, 4.22454677151656, 19.9585812052533, 43.96929584854513], "model2": [35.76140773404028, 17.53427696505878, 12.812124039943825, 0.0993464751502873, 7.859278653912952, 0.681317847111516, 15.08296191660015, 1.6362558193342314, 18.860802249650522, 5.325472406425594, 6.062226501371202, 26.41125789427364, 13.246402532656196, 7.292080414839326, 5.337053221072435, 5.315695880028045, 2.452061751752373, 9.57219450839942, 10.99505494983656, 13.695021987420622, 35.71826265352357, 27.572772546385277, 7.345046005153433, 16.85826244913045, 20.34763394177054], "model3": [17.1266039018835, 12.97963117247216, 0.12353809570113947, 6.805437067866972, 0.7215038248631092, 19.04696239651207, 15.641563987655804, 7.551921300996181, 25.90221775837162, 0.18184402627234045, 12.939396466481611, 8.93611219245187, 5.249954928555558, 4.479570260072426, 1.2509188899195474, 10.828647545957317, 38.986023595488774, 14.287339787132217, 21.86743592893115], "model4": [58.44562071705979, 52.22308493574383, 23.479589305222472, 41.38302821575117, 57.78072196416251, 53.30447827058352, 16.85025125848251, 76.57321829130949, 50.52336916292211, 38.13321540760621, 64.00599926050782, 47.933206461493114, 25.406733251416437, 13.858733657358268, 56.73262894914901, 4.098068601238642, 30.735142719180764, 8.371785830894488, 51.028509624608844, 48.313167035711665, 41.77712340889502, 43.215829992840675, 55.71093536951186, 58.909971422725505, 0.06961306645004349, 65.68199038472063, 58.9811683243611, 49.07139947306406, 16.84631888073428, 61.242037389714696, 51.438092909867514, 65.26407966919274, 67.59085393784902, 52.6108426515573, 5.78099690721393, 58.04085602327712, 25.75921842425755, 58.97655080956605, 1.1813376139645182, 22.35859218817775, 2.2304309713539507, 0.1401071885463028, 60.183646357491384, 13.252445059688334, 22.11807262275364, 22.219942184440004, 47.73142375214078, 0.26077578174499644, 8.749609334305656, 10.644919905203084, 43.168053233694806, 0.40866478565577496, 66.04601068723774, 52.308436385078394, 59.81799840056033, 59.327289114763296, 44.66603528454692, 58.56170481558935, 18.941624989364016, 4.710043610964022, 34.54683896090256, 58.32839700193424, 41.69764250777989, 1.74723190230517, 60.932054123845994, 52.31370938383848, 14.145891597749971, 62.77507764841101, 3.2718716361254065, 63.70177392777251, 56.366067697450895, 54.13196939000746, 34.486527288597706, 31.879105279493807, 62.630486143182665, 17.320822221566743, 27.26412729228493, 13.456723622551477, 29.973571099072572, 21.4828318564941, 3.084665034123518, 61.21561764581933, 24.228513758243032, 29.25867150306053, 57.08992473304726, 51.07558672296164, 21.915587933879692, 54.90199223959012, 49.58678699298641, 31.891336369788988, 38.59472134365798, 41.96542643946832, 6.446252035146764, 41.12745120616308, 42.736999039532094, 5.673841400270528, 43.52513694340335, 57.87654534428103, 33.7476528556352, 53.53549232396146, 49.60501775079752, 53.130765103923295, 66.29585392192153, 7.691962608437214, 23.341499509882446, 36.32880808786777, 53.11605118103719, 67.7397635373374, 7.6515580528691425, 63.519524250497604, 52.68567917630267, 42.34546240403211, 32.0203857437935, 32.98816727030425, 13.776201963393664, 46.16793887450525, 24.534947676574763, 60.49317689224697, 16.60975345731931, 39.587011250938126, 62.33855403023566, 25.46547978791187, 57.88626402016162, 66.7047268503842, 64.31730227955686, 41.53979142766635, 37.630185550281574, 35.988568962052824, 51.71940253870696, 44.39476930954134, 52.587455202746284, 65.15820423536101, 53.48291444203108, 26.559273273317917, 23.080307224167324, 61.26433592304846, 33.50370313731798, 21.28594279051342, 44.174418454749876, 47.390203501750236, 70.53713561904111, 73.19373171895023, 73.45788335726378, 53.91172548403592], "model5": [0.36016277486448417, 0.18696986638133709, 19.138687574621475, 13.579745107044133, 0.14349581452115734, 1.129806783378077, 7.823145450053724, 11.581343992959997, 0.04551452844436366, 0.0, 9.358056589913113, 0.0, 26.335841659289237, 12.13341000575043, 0.17088504117590408, 0.0, 0.0, 0.0, 0.05936659478058591, 0.8693061977217125, 18.15885489755824, 1.09421918570091, 0.030406105278633532, 3.6774546306662845, 0.6525070790862354, 1.7200289465698102, 0.5043241858907429, 3.3119300324591685, 2.7759769899000055, 15.029439837855035, 1.528792143941261, 1.623326539982469, 18.717446378528876, 11.133641030959913, 41.200965307246285, 0.001959829102902227, 1.4346782047564883, 18.56568689167595, 7.746934443984096, 36.258300309722266, 7.36504803427986, 5.403398922760068, 33.73133738481697, 3.2993414230427587, 0.0, 0.14914880515234985, 0.0, 6.5228233398233835, 0.0291164247917935, 1.1468333225951937, 0.0, 0.3169896001075378, 1.8703810507397025, 2.446890147357378, 21.73748717671832, 13.16337594578066, 6.033315887310726, 14.840354457505331, 4.425346354116052, 0.9827395986250034, 4.121524723122718, 0.061319534282018105, 1.2161834951242598, 8.456729432791493, 3.7363674790286856, 9.790548754925798, 0.0, 4.651778913554626, 3.0297020777933024, 34.76927046747997, 24.97556976433515, 29.582428852234855, 16.52685690562536, 10.539169227107019, 32.56478323838309, 0.9172640500613887, 10.726319730438039, 13.59832916368835, 2.254653583110318, 8.45691354939043, 0.8762263749458533, 3.9904919473518126, 9.63932998573255, 19.59673956384382, 0.00573957549600538, 0.016638365133816498, 0.2761217942378366, 15.080357116347843, 4.048421606909108, 2.9865977277365805, 11.379661191412204, 0.03272968582504331, 0.2666472706113394, 0.024654940894181875, 0.03878587949023106, 0.0041646710951002645, 10.292741325388594]}