{"model1": [88.84023383674935, 62.7472756512105, 63.13772200450964, 197.796665842787, 45.2411819561568, 43.28488023061985, 52.08244514676311, 159.6104398374953, 56.63098506944438, 38.688693907756104, 35.95868768436376, 78.60071318521204, 121.21082693094947, 45.85166782779584, 57.761685011206666, 52.18398540854408, 46.27311542918696, 140.06133752561752, 92.3738316667479, 75.60335613426577, 180.20405616597967, 55.29458045773566, 95.82918121238238, 72.06938877456852, 108.60017801804194, 15.74610437383534, 34.92401387793098], "model2": [77.48265195425654, 57.22908821275611, 73.26818074746504, 194.77911085803242, 59.7417656325314, 159.51263313445156, 56.61299773347648, 59.90225988384041, 51.11788220403268, 73.68251736290168, 88.9772756368022, 68.82836360413174, 192.13222497231203, 60.027646736740024, 81.67920259305826, 90.73600186397282, 104.99217632442725, 68.9946783953127, 50.053231526382994, 67.85370923874635, 118.0386482654075, 43.85038248554402, 150.05003405269088, 69.61864285588395, 47.91378179500863], "model3": [57.295745546856914, 89.50771261193509, 199.66894286120683, 42.49006125354443, 167.23181766074484, 87.97927728207148, 60.9362348022188, 72.22325894660923, 89.33309172162541, 152.70841084260675, 186.73524399324484, 54.45899904949879, 67.1931793540833, 86.77271946061703, 92.31005884278991, 88.82192747167028, 104.38670680671483, 58.661181659182766, 41.15442941062448], "model4": [25.23046694442626, 11.300015098216159, 81.67867404533523, 51.69680079773673, 33.73204119901352, 51.66495313550651, 111.14870448704092, 75.86025372465559, 58.03502316928915, 24.23469871819494, 78.82560983374016, 57.77704331619228, 102.90108461549016, 139.1514116310646, 48.25954205113507, 44.32717656307314, 44.01538714806942, 67.61322299460636, 20.89675634256967, 30.566360489011377, 48.52608447211852, 41.382091261631096, 71.45712107561305, 55.07803501268135, 28.536603125099035, 62.777157947597786, 25.039200962474123, 2.322779224611952, 97.54179703165318, 69.35429438954674, 87.75646433218293, 54.75643552981805, 56.40718400524249, 27.694475095282677, 22.883681401775444, 73.30205060829006, 132.87876235037623, 42.26635806672473, 62.71683605006144, 31.805278733761874, 46.07298842446105, 72.14700102290927, 66.44074632978717, 123.79813454240212, 56.35223718649171, 43.10195721286715, 82.33217603027546, 102.80698025476394, 53.17228331009929, 42.43164408660414, 67.4222773896035, 101.5591668070376, 21.28038926463025, 25.335656470789367, 46.20775147038458, 46.71096177546426, 78.5906340487001, 23.076373436479845, 76.16078241578714, 52.95175663646905, 41.97105181255646, 49.86616769085676, 54.648457943122914, 12.15419678002634, 29.406990516338624, 71.48261939544292, 14.549762058224875, 78.26060809746089, 10.190640541609422, 35.00063121443245, 72.22130383810968, 52.45380722259091, 60.96638499950769, 71.34256901672029, 34.936712060225766, 65.23361172712035, 31.904634998217713, 38.45874349805183, 45.68017020513858, 61.62019299228399, 79.4823794733198, 47.73978576075159, 95.12582486587348, 63.55437884301939, 41.72956351734294, 77.1778477815715, 50.64027774471497, 64.5042748388327, 13.3510947508866, 77.42337099427229, 20.54524919362502, 76.35530748154285, 194.4086358161739, 12.156152430528842, 57.78227424826446, 86.25560593407423, 50.46514727840715, 72.12624161504942, 17.289743507313897, 23.72753481228153, 36.354646876603844, 56.41657590588898, 36.41161633715902, 12.762940343610477, 63.7148696383093, 68.06279721025459, 64.6927917744039, 24.672595700998006, 104.40807241654281, 47.858264020010665, 43.673169282030855, 36.845123614985894, 68.73959475620607, 78.34456367931669, 77.36172927671153, 97.08354266224163, 49.61245455452558, 48.74699554326813, 104.25130365048832, 84.98018525167942, 96.88221058673592, 28.42871269597331, 40.86281170851096, 52.9411918230787, 71.12538909299157, 27.89959375031331, 22.189288271211563, 81.33010320613774, 36.85833081191116, 70.71319671636164, 106.46207933884254, 62.794348117886756, 30.210510556747284, 96.07335303746682, 32.08076291593868, 44.249254341667374, 30.964208648740538, 99.76537357762862, 77.95052411104342, 53.42198229606653, 11.276650084714419, 21.616021394980034, 78.7845935173039, 46.37955856379533], "model5": [235.73196407550617, 159.48709608826766, 236.05263573745103, 24.88618493968359, 132.5177738560889, 114.53871868921819, 153.32281599658853, 169.79232016362377, 64.84683332725508, 230.55584895558772, 196.7059103360402, 107.56922860210774, 194.32098458270403, 116.15177315601305, 208.10279726956557, 108.3117033644293, 128.41205996810032, 111.12672582398382, 132.27269580276837, 111.65740537139388, 240.9234392714477, 149.3612363761962, 245.13262895412595, 76.91490436191131, 136.9664734467074, 131.67889072207356, 152.3250531339544, 112.68418238876914, 188.47918109254456, 89.41421734510737, 245.29806188550796, 177.77094620334123, 116.69896107762365, 109.30337423500751, 128.53746530495962, 153.4367514569717, 122.75511350299381, 171.97351198064482, 86.40153965963347, 30.79153119905562, 68.0105674652513, 128.74110564136106, 39.97695546340943, 153.89751084830573, 95.58592045210116, 148.85248366167156, 133.6421748828253, 205.22232774045736, 121.50169167882405, 132.98391003863335, 215.84686688742315, 98.37263257967862, 50.08560437368894, 169.75418479824592, 98.01872393049864, 179.4105288545102, 180.67956139403407, 50.947919007280994, 223.98253810596725, 230.5054376356319, 125.49646932457135, 138.9494989477517, 277.451195799991, 298.40106100598155, 141.0073826212712, 94.28735811374516, 201.91638213186084, 111.68400043666304, 198.77736259926462, 44.60006169779207, 90.33034263923251, 96.80305295783451, 46.702428866113046, 142.02450603640912, 64.69022771686954, 47.38257298302399, 150.69730410700274, 76.623297453454, 179.52719964239753, 117.36747965968708, 167.47234463632716, 122.25706271016118, 136.6017909816576, 81.36693679967813, 42.15473021651578, 196.12278566548036, 205.1200753181533, 177.278095346955, 173.36188105005556, 133.89066109673934, 93.50461984786476, 116.85209765347334, 113.69541207153543, 64.26496581190725, 188.5985350747756, 85.29503400975344, 101.60535347055021]}